date,day_name,is_friday,is_monday,days_to_expiry,is_expiry_week,close,gap_points,gap_pct,actual_target,prob_base,conv_base,trade_base,hit_base,pnl_base,trade_step_a,hit_step_a,pnl_step_a,prob_spec,conv_spec,trade_spec,hit_spec,pnl_spec
2025-12-02,Tuesday,False,False,23,False,1577.70849609375,-2.081053112907057,-0.13190352451416332,0,0.6993,0.6993,True,False,-1718.37,True,False,-1718.37,0.7135,0.7135,True,False,-1718.37
2025-12-03,Wednesday,False,False,22,False,1536.4844970703125,-1.4863807654282937,-0.09673906689344709,0,0.2572,0.7428,True,True,-841.73,True,True,-841.73,0.2255,0.7745,True,True,-841.73
2025-12-04,Thursday,False,False,21,False,1522.4129638671875,-1.2883082379676125,-0.08462278426052618,0,0.5962,0.5962,True,False,-1490.69,False,,0.0,0.5205,0.5205,False,,0.0
2025-12-05,Friday,True,False,20,False,1536.5836181640625,-0.5945873962282349,-0.03869541424232145,0,0.8172,0.8172,True,False,-3890.6,True,False,-3890.6,0.8205,0.8205,True,False,-3890.6
2025-12-08,Monday,False,True,17,False,1507.152099609375,-15.756297711508296,-1.045435143247455,0,0.4598,0.5402,False,,0.0,False,,0.0,0.399,0.601,False,,0.0
2025-12-09,Tuesday,False,False,16,False,1503.4854736328125,-6.214218160494056e-05,-4.133207982035827e-06,0,0.435,0.565,True,True,-1171.22,False,,0.0,0.6317,0.6317,False,,0.0
2025-12-10,Wednesday,False,False,15,False,1465.9281005859375,1.6846781327337794,0.11492228930330256,1,0.3722,0.6278,True,False,-1544.58,False,,0.0,0.381,0.619,False,,0.0
2025-12-11,Thursday,False,False,14,False,1508.935791015625,8.22494787721621,0.5450826951145624,1,0.6551,0.6551,True,True,778.31,True,True,778.31,0.7857,0.7857,True,True,778.31
2025-12-12,Friday,True,False,13,False,1512.701416015625,-7.531282865485537,-0.49786975709473025,0,0.3738,0.6262,True,True,-1903.99,False,,0.0,0.4035,0.5965,False,,0.0
2025-12-15,Monday,False,True,10,False,1503.8818359375,-9.513127962190538,-0.6325715049454121,0,0.5722,0.5722,True,False,-3430.88,False,,0.0,0.5624,0.5624,False,,0.0
2025-12-16,Tuesday,False,False,9,False,1487.630126953125,-9.800251200431376e-05,-6.587827863168961e-06,0,0.3666,0.6334,True,True,-1159.91,False,,0.0,0.2906,0.7094,True,True,-1159.91
2025-12-17,Wednesday,False,False,8,False,1463.9461669921875,-0.29723764374193706,-0.020303864338989952,0,0.1789,0.8211,True,True,-1072.47,True,True,-1072.47,0.1739,0.8261,True,True,-1072.47
2025-12-18,Thursday,False,False,7,False,1476.135009765625,3.369229849708745,0.2282467272586197,1,0.7442,0.7442,True,True,-351.55,True,True,-351.55,0.7677,0.7677,True,True,-351.55
2025-12-19,Friday,True,False,6,False,1486.0445556640625,6.3422160193536,0.4267850513082012,1,0.7792,0.7792,True,True,-2123.08,True,True,-2123.08,0.7879,0.7879,True,True,-2123.08
2025-12-22,Monday,False,True,3,True,1504.971923828125,4.162112682310635,0.2765574969480938,1,0.8306,0.8306,True,True,-183.79,True,True,-183.79,0.8388,0.8388,True,True,211.61
2025-12-23,Tuesday,False,False,2,True,1501.8009033203125,-2.4774301092850237,-0.1649639512007021,0,0.5234,0.5234,False,,0.0,False,,0.0,0.6024,0.6024,False,,0.0
2025-12-24,Wednesday,False,False,1,True,1485.3509521484375,-2.8737633338887463,-0.19347369251233756,0,0.3323,0.6677,True,True,-475.79,True,True,-475.79,0.2845,0.7155,True,True,-202.79
2025-12-26,Friday,True,False,34,False,1469.29736328125,-9.365327377963695e-05,-6.374017684921826e-06,0,0.2973,0.7027,True,True,-3589.56,True,True,-3589.56,0.2784,0.7216,True,True,-3589.56
2025-12-29,Monday,False,True,31,False,1450.2708740234375,-4.459309753576463,-0.30748116323988156,0,0.1757,0.8243,True,True,-74.23,True,True,-74.23,0.1668,0.8332,True,True,-74.23
2025-12-30,Tuesday,False,False,30,False,1420.9384765625,2.0810278824205852,0.14645446771593923,1,0.329,0.671,True,False,-1606.66,True,False,-1606.66,0.2528,0.7472,True,False,-1606.66
2025-12-31,Wednesday,False,False,29,False,1430.55078125,0.09901447079664649,0.006921422999757387,1,0.6329,0.6329,True,True,-1095.75,False,,0.0,0.5333,0.5333,False,,0.0
2026-01-01,Thursday,False,False,28,False,1433.127197265625,7.636580039616092e-05,5.328612878317094e-06,1,0.4138,0.5862,True,False,-1121.12,False,,0.0,0.3834,0.6166,False,,0.0
2026-01-02,Friday,True,False,27,False,1453.3428955078125,-1.5855006575573043,-0.10909336416464296,0,0.7138,0.7138,True,False,-3928.25,True,False,-3928.25,0.7413,0.7413,True,False,-3928.25
2026-01-05,Monday,False,True,24,False,1455.3248291015625,0.3964109820049089,0.02723865999384008,1,0.3912,0.6088,True,False,-1231.07,False,,0.0,0.5374,0.5374,False,,0.0
2026-01-06,Tuesday,False,False,23,False,1443.8297119140625,-4.855812000990454,-0.3363147302567406,0,0.5365,0.5365,False,,0.0,False,,0.0,0.4871,0.5129,False,,0.0
2026-01-07,Wednesday,False,False,22,False,1462.261474609375,-1.6845212050698137,-0.1151997255155623,0,0.5376,0.5376,False,,0.0,False,,0.0,0.4577,0.5423,False,,0.0
2026-01-08,Thursday,False,False,21,False,1425.1995849609375,-5.450337124584394,-0.3824262357425384,0,0.3136,0.6864,True,True,179.0,True,True,179.0,0.2983,0.7017,True,True,179.0
2026-01-09,Friday,True,False,20,False,1396.9571533203125,-1.6845122268380237,-0.12058438749064317,0,0.5844,0.5844,True,False,-3817.84,False,,0.0,0.4757,0.5243,False,,0.0
2026-01-12,Monday,False,True,17,False,1404.686767578125,2.477367770931778,0.17636442715290215,1,0.7464,0.7464,True,True,-512.46,True,True,-512.46,0.6348,0.6348,False,,0.0
2026-01-13,Tuesday,False,False,16,False,1407.0650634765625,-0.8919401588989331,-0.0633901147893713,0,0.5826,0.5826,True,False,-1314.37,False,,0.0,0.5576,0.5576,False,,0.0
2026-01-14,Wednesday,False,False,15,False,1402.8038330078125,0.0,0.0,0,0.2397,0.7603,True,True,-1099.5,True,True,-1099.5,0.2253,0.7747,True,True,-1099.5
2026-01-16,Friday,True,False,13,False,1421.3349609375,-4.261250019907266,-0.2998061777849032,0,0.7628,0.7628,True,False,-4487.72,True,False,-4487.72,0.6778,0.6778,False,,0.0
2026-01-19,Monday,False,True,10,False,1402.1102294921875,0.09915805165223901,0.00707205821386467,1,0.2448,0.7552,True,False,-1122.55,True,False,-1122.55,0.2268,0.7732,True,False,-1122.55
2026-01-20,Tuesday,False,False,9,False,1328.8782958984375,-3.3693096776733,-0.2535453914833753,0,0.1757,0.8243,True,True,-246.61,True,True,-246.61,0.1783,0.8217,True,True,-246.61
2026-01-21,Wednesday,False,False,8,False,1321.743408203125,11.098630956016905,0.8396963349418325,1,0.7799,0.7799,True,True,1594.18,True,True,1594.18,0.7234,0.7234,True,True,1594.18
2026-01-22,Thursday,False,False,7,False,1344.337158203125,3.41096365445992e-05,2.537282878514717e-06,1,0.8436,0.8436,True,True,-1057.83,True,True,-1057.83,0.7883,0.7883,True,True,-1057.83
2026-01-23,Friday,True,False,6,False,1314.3111572265625,0.2972135386996797,0.022613635824781,1,0.658,0.658,True,True,-3150.9,True,True,-3150.9,0.5871,0.5871,False,,0.0
2026-01-27,Tuesday,False,False,2,True,1310.1490478515625,4.855726196014302,0.3706239533568281,1,0.8188,0.8188,True,True,119.75,True,True,119.75,0.7348,0.7348,True,True,581.05
2026-01-28,Wednesday,False,False,1,True,1344.634521484375,0.9909217248045934,0.07369450277914111,1,0.862,0.862,True,True,-822.71,True,True,-822.71,0.8891,0.8891,True,True,-728.57
2026-01-29,Thursday,False,False,0,True,1311.0408935546875,-5.648347388446837,-0.43082923013424884,0,0.5894,0.5894,True,False,-2375.6,False,,0.0,0.5616,0.5616,False,,0.0
2026-01-30,Friday,True,False,27,False,1308.2662353515625,-90.37558488016316,-6.908042295831099,0,0.4978,0.5022,False,,0.0,False,,0.0,0.524,0.524,False,,0.0
2026-02-02,Monday,False,True,24,False,1226.0164794921875,93.54665271277668,7.6301301228449585,1,0.7632,0.7632,True,True,21243.79,True,True,21243.79,0.7222,0.7222,True,True,21243.79
2026-02-03,Tuesday,False,False,23,False,1330.860107421875,1.7838235565220657,0.13403539159180794,1,0.7992,0.7992,True,True,-624.58,True,True,-624.58,0.8019,0.8019,True,True,-624.58
2026-02-04,Wednesday,False,False,22,False,1353.9495849609375,-3.270236968422296,-0.2415331416137363,0,0.5881,0.5881,True,False,-1841.37,False,,0.0,0.73,0.73,True,False,-1841.37
2026-02-05,Thursday,False,False,21,False,1350.9766845703125,-1.288323636075802,-0.09536238861779929,0,0.2946,0.7054,True,True,-756.59,True,True,-756.59,0.3171,0.6829,True,True,-756.59
2026-02-06,Friday,True,False,20,False,1319.364990234375,17.73831194829927,1.3444582870997808,1,0.5805,0.5805,True,True,979.36,False,,0.0,0.4709,0.5291,False,,0.0
2026-02-09,Monday,False,True,17,False,1361.8773193359375,12.089639335738184,0.8877186780401917,1,0.9124,0.9124,True,True,1800.95,True,True,1800.95,0.9185,0.9185,True,True,1800.95
2026-02-10,Tuesday,False,False,16,False,1388.23681640625,6.936725701285241,0.49967884580690264,1,0.7696,0.7696,True,True,558.35,True,True,558.35,0.7882,0.7882,True,True,558.35
2026-02-11,Wednesday,False,False,15,False,1384.5701904296875,-2.1801093957371904,-0.15745748469859916,0,0.5803,0.5803,True,False,-1604.28,False,,0.0,0.6487,0.6487,False,,0.0
2026-02-12,Thursday,False,False,14,False,1357.814208984375,-20.0172768224827,-1.4742279680115682,0,0.1431,0.8569,True,True,3686.66,True,True,3686.66,0.1433,0.8567,True,True,3686.66
2026-02-13,Friday,True,False,13,False,1323.2298583984375,-34.98101782748358,-2.6436085616918157,0,0.469,0.531,False,,0.0,False,,0.0,0.4627,0.5373,False,,0.0
2026-02-16,Monday,False,True,10,False,1341.46337890625,-1.0900220464066024,-0.08125619107808534,0,0.7988,0.7988,True,False,-1314.67,True,False,-1314.67,0.7651,0.7651,True,False,-1314.67
2026-02-17,Tuesday,False,False,9,False,1327.292724609375,0.6936258556067969,0.0522586949168227,1,0.5191,0.5191,False,,0.0,False,,0.0,0.5256,0.5256,False,,0.0
2026-02-18,Wednesday,False,False,8,False,1343.4453125,-4.6840703134876094e-05,-3.486610336799704e-06,0,0.7691,0.7691,True,False,-1057.22,True,False,-1057.22,0.7935,0.7935,True,False,-1057.22
2026-02-19,Thursday,False,False,7,False,1308.3653564453125,0.19819296621403737,0.01514813620199378,1,0.3008,0.6992,True,False,-1079.28,True,False,-1079.28,0.318,0.682,True,False,-1079.28
2026-02-20,Friday,True,False,6,False,1308.4644775390625,9.513234726318387,0.7270533430308108,1,0.7884,0.7884,True,True,-948.21,True,True,-948.21,0.7014,0.7014,True,True,-948.21
2026-02-23,Monday,False,True,3,True,1322.2388916015625,-8.32415205738539,-0.6295497818327487,0,0.429,0.571,True,True,934.89,False,,0.0,0.391,0.609,False,,0.0
2026-02-24,Tuesday,False,False,2,True,1312.82470703125,4.16199864001419,0.3170262273190993,1,0.592,0.592,True,True,-46.91,False,,0.0,0.6355,0.6355,False,,0.0
2026-02-25,Wednesday,False,False,1,True,1314.806640625,-2.774683413478442,-0.2110335716101557,0,0.7735,0.7735,True,False,-1695.79,True,False,-1695.79,0.8055,0.8055,True,False,-1959.38
2026-02-26,Thursday,False,False,0,True,1284.0869140625,-5.747693105630788,-0.44760935125852636,0,0.1967,0.8033,True,True,350.17,True,True,350.17,0.1773,0.8227,True,True,896.2
2026-02-27,Friday,True,False,27,False,1260.7000732421875,-66.39433967236687,-5.266465916958199,0,0.4448,0.5552,True,True,12674.49,False,,0.0,0.3695,0.6305,False,,0.0
2026-03-02,Monday,False,True,24,False,1217.197021484375,-18.134573749574656,-1.4898634674162687,0,0.8132,0.8132,True,False,-5274.21,True,False,-5274.21,0.7943,0.7943,True,False,-5274.21
2026-03-04,Wednesday,False,False,22,False,1198.4678955078125,16.449839479266984,1.372572393547254,1,0.7335,0.7335,True,True,2952.93,True,True,2952.93,0.7631,0.7631,True,True,2952.93
2026-03-05,Thursday,False,False,21,False,1228.394775390625,-13.477013845676083,-1.0971239959393708,0,0.8429,0.8429,True,False,-4176.02,True,False,-4176.02,0.8569,0.8569,True,False,-4176.02
2026-03-06,Friday,True,False,20,False,1213.034912109375,-24.873098204028565,-2.050484941177509,0,0.2383,0.7617,True,True,2926.4,True,True,2926.4,0.3736,0.6264,False,,0.0
2026-03-09,Monday,False,True,17,False,1199.557861328125,23.981218396509803,1.9991714588872191,1,0.7824,0.7824,True,True,4740.85,True,True,4740.85,0.7862,0.7862,True,True,4740.85
2026-03-10,Tuesday,False,False,16,False,1238.0072021484375,-0.29734968092839154,-0.024018412850294487,0,0.8277,0.8277,True,False,-1052.7,True,False,-1052.7,0.7807,0.7807,True,False,-1052.7
2026-03-11,Wednesday,False,False,15,False,1208.37744140625,-13.278876387680384,-1.098901380699981,0,0.5498,0.5498,False,,0.0,False,,0.0,0.5791,0.5791,False,,0.0
2026-03-12,Thursday,False,False,14,False,1199.855224609375,-5.747610991121746,-0.47902537516498617,0,0.2927,0.7073,True,True,410.16,True,True,410.16,0.3294,0.6706,True,True,410.16
2026-03-13,Friday,True,False,13,False,1165.865234375,1.4863683169983233,0.12749057722740478,1,0.1911,0.8089,True,False,-3221.94,True,False,-3221.94,0.1953,0.8047,True,False,-3221.94
2026-03-16,Monday,False,True,10,False,1173.7928466796875,5.450277717620338,0.46433045941944184,1,0.8751,0.8751,True,True,358.11,True,True,358.11,0.8515,0.8515,True,True,358.11
2026-03-17,Tuesday,False,False,9,False,1188.4591064453125,9.612381180769262,0.8088104276065455,1,0.7119,0.7119,True,True,1336.16,True,True,1336.16,0.6902,0.6902,True,True,1336.16
2026-03-18,Wednesday,False,False,8,False,1222.4490966796875,-28.341521982404856,-2.318421442609242,0,0.5148,0.5148,False,,0.0,False,,0.0,0.4529,0.5471,False,,0.0
2026-03-19,Thursday,False,False,7,False,1183.4051513671875,3.7657277912039717,0.3182112049160364,1,0.4403,0.5597,True,False,-1837.54,False,,0.0,0.3777,0.6223,False,,0.0
2026-03-20,Friday,True,False,6,False,1180.0360107421875,-15.06265728741414,-1.2764574259001158,0,0.221,0.779,True,True,674.8,True,True,674.8,0.205,0.795,True,True,674.8
2026-03-23,Monday,False,True,3,True,1123.55126953125,35.87265435536165,3.1927919382199494,1,0.7775,0.7775,True,True,7619.23,True,True,7619.23,0.7982,0.7982,True,True,11027.13
2026-03-24,Tuesday,False,False,2,True,1174.7838134765625,16.350921021524982,1.391823826133368,1,0.7133,0.7133,True,True,2946.31,True,True,2946.31,0.7326,0.7326,True,True,4499.65
2026-03-25,Wednesday,False,False,1,True,1201.837158203125,-7.531408015784336,-0.6266579431646627,0,0.7437,0.7437,True,False,-2745.02,True,False,-2745.02,0.807,0.807,True,False,-3460.5
2026-03-27,Friday,True,False,34,False,1160.7122802734375,-19.125615315217146,-1.647748166385522,0,0.1426,0.8574,True,True,1685.64,True,True,1685.64,0.1783,0.8217,True,True,1685.64
2026-03-30,Monday,False,True,31,False,1109.2813720703125,38.74651270761933,3.4929381925259047,1,0.4979,0.5021,False,,0.0,False,,0.0,0.6067,0.6067,False,,0.0
2026-04-01,Wednesday,False,False,29,False,1172.1082763671875,-27.54873274940769,-2.3503573266107947,0,0.8953,0.8953,True,False,-7477.95,True,False,-7477.95,0.9001,0.9001,True,False,-7477.95
2026-04-02,Thursday,False,False,28,False,1175.57666015625,-5.0809828735509655e-06,-4.3221195569463195e-07,0,0.462,0.538,False,,0.0,False,,0.0,0.4758,0.5242,False,,0.0
2026-04-06,Monday,False,True,24,False,1194.4049072265625,-5.252175610442919,-0.4397315833738995,0,0.4353,0.5647,True,True,296.38,False,,0.0,0.4651,0.5349,False,,0.0
2026-04-07,Tuesday,False,False,23,False,1192.62109375,64.21439863408204,5.3843084757263915,1,0.431,0.569,True,False,-16200.66,False,,0.0,0.3459,0.6541,True,False,-16200.66
2026-04-08,Wednesday,False,False,22,False,1275.7628173828125,-1.6848043124616652,-0.13206250327298208,0,0.8909,0.8909,True,False,-1409.12,True,False,-1409.12,0.8924,0.8924,True,False,-1409.12
2026-04-09,Thursday,False,False,21,False,1267.7359619140625,10.603304950422853,0.836396952439031,1,0.6176,0.6176,True,True,1515.02,False,,0.0,0.5329,0.5329,False,,0.0
2026-04-10,Friday,True,False,20,False,1291.6181640625,-37.755558961903944,-2.9231207807694624,0,0.8267,0.8267,True,False,-12134.54,True,False,-12134.54,0.7906,0.7906,True,False,-12134.54
2026-04-13,Monday,False,True,17,False,1278.933837890625,32.10706222255294,2.5104552926293557,1,0.7948,0.7948,True,True,6614.19,True,True,6614.19,0.7796,0.7796,True,True,6614.19
2026-04-15,Wednesday,False,False,15,False,1327.6890869140625,13.774306203698188,1.037464745282625,1,0.7627,0.7627,True,True,2225.42,True,True,2225.42,0.836,0.836,True,True,2225.42
2026-04-16,Thursday,False,False,14,False,1355.43603515625,2.1800494917868036,0.16083750433383565,1,0.6977,0.6977,True,True,-547.99,True,True,-547.99,0.7376,0.7376,True,True,-547.99
2026-04-17,Friday,True,False,13,False,1380.6063232421875,0.7928483580390093,0.057427547932498275,1,0.878,0.878,True,True,-3190.64,True,True,-3190.64,0.9029,0.9029,True,True,-3190.64
2026-04-20,Monday,False,True,10,False,1357.9134521484375,-0.29736015260755266,-0.021898314074220347,0,0.4104,0.5896,True,True,-996.89,False,,0.0,0.4272,0.5728,False,,0.0
2026-04-21,Tuesday,False,False,9,False,1350.282958984375,-2.5764340616854042,-0.19080697453393675,0,0.6339,0.6339,True,False,-1673.98,False,,0.0,0.6898,0.6898,True,False,-1673.98
2026-04-22,Wednesday,False,False,8,False,1309.2572021484375,-4.162020227608082,-0.3178917191196945,0,0.73,0.73,True,False,-2021.33,True,False,-2021.33,0.7056,0.7056,True,False,-2021.33
2026-04-23,Thursday,False,False,7,False,1311.635498046875,3.2243294299405534e-05,2.4582511183494385e-06,1,0.4429,0.5571,True,False,-1034.55,False,,0.0,0.5663,0.5663,False,,0.0
2026-04-24,Friday,True,False,6,False,1300.9332275390625,2.18003612295297,0.16757478991269065,1,0.65,0.65,True,True,-2671.96,True,True,-2671.96,0.6809,0.6809,False,,0.0
2026-04-27,Monday,False,True,3,True,1312.1309814453125,3.0688900096720317e-06,2.3388594988372648e-07,1,0.7986,0.7986,True,True,-1034.89,True,True,-1034.89,0.7684,0.7684,True,True,-1034.89
2026-04-28,Tuesday,False,False,2,True,1312.62646484375,6.342208292904843,0.48316931455894385,1,0.5261,0.5261,False,,0.0,False,,0.0,0.557,0.557,False,,0.0
2026-04-29,Wednesday,False,False,1,True,1294.591064453125,-8.324134298840363,-0.6429933380049037,0,0.496,0.504,False,,0.0,False,,0.0,0.5003,0.5003,False,,0.0
2026-04-30,Thursday,False,False,0,True,1260.501953125,0.0,0.0,0,0.4854,0.5146,False,,0.0,False,,0.0,0.453,0.547,False,,0.0
2026-05-04,Monday,False,True,24,False,1227.106689453125,-8.22509269904549,-0.6702834211352154,0,0.2784,0.7216,True,True,979.15,True,True,979.15,0.2432,0.7568,True,True,979.15
2026-05-05,Tuesday,False,False,23,False,1243.3582763671875,14.170764242790938,1.1397168870902372,1,0.7815,0.7815,True,True,2379.66,True,True,2379.66,0.7242,0.7242,True,True,2379.66
2026-05-06,Wednesday,False,False,22,False,1271.204345703125,8.1258713989846,0.6392262130357996,1,0.7998,0.7998,True,True,924.16,True,True,924.16,0.6637,0.6637,True,True,924.16
2026-05-07,Thursday,False,False,21,False,1258.3218994140625,0.19807880269308953,0.015741504839526747,1,0.2299,0.7701,True,False,-1043.6,True,False,-1043.6,0.1865,0.8135,True,False,-1043.6
2026-05-08,Friday,True,False,20,False,1247.916748046875,-5.549432101518505,-0.4446956986677171,0,0.5544,0.5544,True,False,-4381.79,False,,0.0,0.6437,0.6437,False,,0.0
2026-05-11,Monday,False,True,17,False,1215.7105712890625,-10.70240308806865,-0.8803413691402304,0,0.403,0.597,True,True,1575.63,False,,0.0,0.3346,0.6654,True,True,1575.63
2026-05-12,Tuesday,False,False,16,False,1171.7119140625,-1.882802627798128,-0.1606881866780863,0,0.5415,0.5415,False,,0.0,False,,0.0,0.4797,0.5203,False,,0.0
2026-05-13,Wednesday,False,False,15,False,1175.4775390625,5.846646688369219,0.49738480694681775,1,0.7296,0.7296,True,True,451.05,True,True,451.05,0.7759,0.7759,True,True,451.05
2026-05-14,Thursday,False,False,14,False,1187.864501953125,6.243149830364928,0.5255776075553853,1,0.8194,0.8194,True,True,536.39,True,True,536.39,0.8305,0.8305,True,True,536.39
2026-05-15,Friday,True,False,13,False,1175.9730224609375,-12.585167684413136,-1.0701918703948143,0,0.1534,0.8466,True,True,96.04,True,True,96.04,0.1496,0.8504,True,True,96.04
2026-05-18,Monday,False,True,10,False,1173.49560546875,2.774674654105638,0.23644525306912426,1,0.5365,0.5365,False,,0.0,False,,0.0,0.4196,0.5804,False,,0.0
2026-05-19,Tuesday,False,False,9,False,1198.56689453125,-9.414106974965762,-0.7854469381658955,0,0.664,0.664,True,False,-3189.83,True,False,-3189.83,0.6637,0.6637,True,False,-3189.83
2026-05-20,Wednesday,False,False,8,False,1213.5303955078125,3.3692351883016727,0.2776391263683005,1,0.7772,0.7772,True,True,-164.45,True,True,-164.45,0.8055,0.8055,True,True,-164.45
2026-05-21,Thursday,False,False,7,False,1188.95458984375,4.162036526499833,0.35005849357516666,1,0.2802,0.7198,True,False,-1935.61,True,False,-1935.61,0.2258,0.7742,True,False,-1935.61
2026-05-22,Friday,True,False,6,False,1193.2156982421875,19.720125603556653,1.6526874087063887,1,0.7153,0.7153,True,True,1749.64,True,True,1749.64,0.6473,0.6473,False,,0.0
2026-05-25,Monday,False,True,3,True,1206.3955078125,-1.387362956663992,-0.11500067330154701,0,0.6879,0.6879,True,False,-1289.06,True,False,-1289.06,0.6507,0.6507,True,False,-1420.85
2026-05-26,Tuesday,False,False,2,True,1215.215087890625,3.864635481181722,0.31802069606377015,1,0.6785,0.6785,True,True,-47.99,True,True,-47.99,0.7632,0.7632,True,True,319.15
2026-05-27,Wednesday,False,False,1,True,1232.556884765625,0.0,0.0,0,0.6647,0.6647,True,False,-978.2,True,False,-978.2,0.5633,0.5633,False,,0.0
2026-05-29,Friday,True,False,27,False,1233.349609375,5.846631289273091,0.4740449297450925,1,0.492,0.508,False,,0.0,False,,0.0,0.4327,0.5673,False,,0.0
2026-06-01,Monday,False,True,24,False,1204.1162109375,-2.4773534294213277,-0.20574039340376554,0,0.4004,0.5996,True,True,-369.56,False,,0.0,0.3156,0.6844,True,True,-369.56
2026-06-02,Tuesday,False,False,23,False,1215.7105712890625,-0.09917322371893533,-0.008157634395971265,0,0.5984,0.5984,True,False,-989.75,False,,0.0,0.4886,0.5114,False,,0.0
2026-06-03,Wednesday,False,False,22,False,1207.188232421875,-8.125860602471676,-0.673122913579888,0,0.2965,0.7035,True,True,969.77,True,True,969.77,0.3386,0.6614,True,True,969.77
2026-06-04,Thursday,False,False,21,False,1205.9000244140625,7.035848917559633,0.5834520918082158,1,0.3689,0.6311,True,False,-2630.22,False,,0.0,0.4019,0.5981,False,,0.0
2026-06-05,Friday,True,False,20,False,1206.49462890625,-17.341886257242322,-1.437377825126635,0,0.2108,0.7892,True,True,1153.27,True,True,1153.27,0.2473,0.7527,True,True,1153.27
2026-06-08,Monday,False,True,17,False,1182.6124267578125,2.5765406560710744,0.2178685592823324,1,0.3889,0.6111,True,False,-1554.54,False,,0.0,0.3693,0.6307,False,,0.0
2026-06-09,Tuesday,False,False,16,False,1201.3416748046875,-2.1381918941187905e-05,-1.7798366101520743e-06,0,0.3825,0.6175,True,True,-955.95,False,,0.0,0.3306,0.6694,True,True,-955.95
2026-06-10,Wednesday,False,False,15,False,1190.044677734375,-6.936766672349222,-0.5828996845358397,0,0.1327,0.8673,True,True,699.58,True,True,699.58,0.1216,0.8784,True,True,699.58
2026-06-11,Thursday,False,False,14,False,1179.4412841796875,19.621154401171225,1.6635973883869872,1,0.7151,0.7151,True,True,3719.67,True,True,3719.67,0.7211,0.7211,True,True,3719.67
2026-06-12,Friday,True,False,13,False,1216.8006591796875,23.88213873332188,1.9626993586132795,1,0.5318,0.5318,False,,0.0,False,,0.0,0.5617,0.5617,False,,0.0
2026-06-15,Monday,False,True,10,False,1254.2589111328125,6.242992545985089,0.49774352731897975,1,0.8189,0.8189,True,True,489.05,True,True,489.05,0.8638,0.8638,True,True,489.05
2026-06-16,Tuesday,False,False,9,False,1252.57421875,5.945759353183121,0.474683197544706,1,0.3602,0.6398,True,False,-2404.58,False,,0.0,0.3624,0.6376,False,,0.0
2026-06-17,Wednesday,False,False,8,False,1279.2310791015625,0.8918904175873195,0.06972082152770377,1,0.367,0.633,True,False,-1223.28,False,,0.0,0.5054,0.5054,False,,0.0
2026-06-18,Thursday,False,False,7,False,1338.1932373046875,1.4865143537858785,0.11108368450433444,1,0.9106,0.9106,True,True,-700.42,True,True,-700.42,0.9106,0.9106,True,True,-700.42
2026-06-19,Friday,True,False,6,False,1357.9134521484375,6.639397318530428,0.4889411256679012,1,0.8822,0.8822,True,True,-1748.19,True,True,-1748.19,0.9223,0.9223,True,True,-1748.19
2026-06-22,Monday,False,True,3,True,1359.39990234375,1.9392001604501274e-05,1.4265119168441459e-06,1,0.6596,0.6596,True,True,-1068.57,True,True,-1068.57,0.702,0.702,True,True,-1068.57
2026-06-23,Tuesday,False,False,2,True,1338.886962890625,-0.09914277114148717,-0.007404864928062359,0,0.2056,0.7944,True,True,-1030.41,True,True,-1030.41,0.2003,0.7997,True,True,-1020.99
2026-06-24,Wednesday,False,False,1,True,1319.6622314453125,4.261236308104344,0.3229035586960292,1,0.5348,0.5348,False,,0.0,False,,0.0,0.5618,0.5618,False,,0.0
2026-06-25,Thursday,False,False,0,True,1305.09521484375,0.0,0.0,0,0.4531,0.5469,False,,0.0,False,,0.0,0.327,0.673,True,True,-1029.88
2026-06-29,Monday,False,True,31,False,1286.1678466796875,3.864744072145868,0.3004852035543351,1,0.6036,0.6036,True,True,-98.52,False,,0.0,0.5327,0.5327,False,,0.0
2026-06-30,Tuesday,False,False,30,False,1293.6990966796875,3.2702138642300724,0.25278009953188973,1,0.7348,0.7348,True,True,-245.08,True,True,-245.08,0.8019,0.8019,True,True,-245.08
2026-07-01,Wednesday,False,False,29,False,1320.35595703125,3.3693545955843547,0.2551853216279774,1,0.722,0.722,True,True,-240.53,True,True,-240.53,0.7374,0.7374,True,True,-240.53
2026-07-02,Thursday,False,False,28,False,1338.5897216796875,7.035819213397417,0.525614316279729,1,0.7884,0.7884,True,True,617.26,True,True,617.26,0.7479,0.7479,True,True,617.26
2026-07-03,Friday,True,False,27,False,1338.3914794921875,-0.594624945715168,-0.04442832719921234,0,0.6945,0.6945,True,False,-3419.9,True,False,-3419.9,0.7621,0.7621,True,False,-3419.9
2026-07-06,Monday,False,True,24,False,1346.319091796875,0.3964904785154886,0.029449963305972996,1,0.8786,0.8786,True,True,-965.09,True,True,-965.09,0.8391,0.8391,True,True,-965.09
2026-07-07,Tuesday,False,False,23,False,1347.70654296875,-12.882592855797384,-0.9558900580403356,0,0.5887,0.5887,True,False,-4119.86,False,,0.0,0.6038,0.6038,False,,0.0
2026-07-08,Wednesday,False,False,22,False,1299.5457763671875,4.558415562700247,0.3507699109640493,1,0.4679,0.5321,False,,0.0,False,,0.0,0.3814,0.6186,False,,0.0
2026-07-09,Thursday,False,False,21,False,1334.3284912109375,6.936714573314703,0.519865581751871,1,0.8915,0.8915,True,True,596.76,True,True,596.76,0.872,0.872,True,True,596.76
2026-07-10,Friday,True,False,20,False,1418.95654296875,-9.810530142620564,-0.6913904580964059,0,0.9,0.9,True,False,-5800.02,True,False,-5800.02,0.8996,0.8996,True,False,-5800.02
2026-07-13,Monday,False,True,17,False,1431.442626953125,-9.414102492233951,-0.6576653730280614,0,0.6056,0.6056,True,False,-3355.75,False,,0.0,0.5722,0.5722,False,,0.0
2026-07-14,Tuesday,False,False,16,False,1415.5872802734375,1.3873670179873443,0.09800646257003368,1,0.632,0.632,True,True,-779.11,False,,0.0,0.6283,0.6283,False,,0.0
2026-07-15,Wednesday,False,False,15,False,1427.0823974609375,4.3602647155955765,0.30553699795844663,1,0.8597,0.8597,True,True,-81.23,True,True,-81.23,0.8611,0.8611,True,True,-81.23
2026-07-16,Thursday,False,False,14,False,1397.75,7.75,0.554462529064568,1,0.278,0.722,True,False,-2936.52,True,False,-2936.52,0.2472,0.7528,True,False,-2936.52
2026-07-17,Friday,True,False,13,False,1418.199951171875,-3.199951171875,-0.2256346976483001,0,0.5881,0.5881,True,False,-4228.21,False,,0.0,0.6456,0.6456,False,,0.0
2026-07-20,Monday,False,True,10,False,1385.199951171875,-0.199951171875,-0.01443482377441913,0,0.2721,0.7279,True,True,-1039.47,True,True,-1039.47,0.2491,0.7509,True,True,-1039.47
2026-07-21,Tuesday,False,False,9,False,1364.9000244140625,-1.2000732421875,-0.08792389337839444,0,0.5825,0.5825,True,False,-1357.51,False,,0.0,0.5681,0.5681,False,,0.0
2026-07-22,Wednesday,False,False,8,False,1339.699951171875,-4.699951171875,-0.3508211796054642,0,0.3999,0.6001,True,True,61.7,False,,0.0,0.3794,0.6206,False,,0.0
2026-07-23,Thursday,False,False,7,False,1323.4000244140625,-13.4000244140625,-1.0125452748117774,0,0.1423,0.8577,True,True,2139.58,True,True,2139.58,0.1511,0.8489,True,True,2139.58
2026-07-24,Friday,True,False,6,False,1333.0999755859375,12.0,0.9001575440525862,1,0.5655,0.5655,True,True,-416.11,False,,0.0,0.5721,0.5721,False,,0.0
2026-07-27,Monday,False,True,3,True,1329.0,0.0,0.0,0,0.6697,0.6697,True,False,-1046.91,True,False,-1046.91,0.6443,0.6443,False,,0.0
2026-07-28,Tuesday,False,False,2,True,1345.0999755859375,4.800048828125,0.3568544283137063,1,0.5203,0.5203,False,,0.0,False,,0.0,0.4647,0.5353,False,,0.0
2026-07-29,Wednesday,False,False,1,True,1350.0,-1.0,-0.07407407407407407,0,0.3347,0.6653,True,True,-824.38,True,True,-824.38,0.2694,0.7306,True,True,-729.38
2026-07-30,Thursday,False,False,0,True,1336.4000244140625,1.5999755859375,0.11972280430322506,1,0.5662,0.5662,True,True,-672.19,False,,0.0,0.6268,0.6268,False,,0.0
2026-07-31,Friday,True,False,27,False,1333.0,8.9000244140625,0.6676687482417479,1,0.6565,0.6565,True,True,-1152.12,True,True,-1152.12,0.6115,0.6115,False,,0.0
2026-08-03,Monday,False,True,24,False,1322.199951171875,-4.199951171875,-0.3176487163044103,0,0.7457,0.7457,True,False,-2039.56,True,False,-2039.56,0.7237,0.7237,True,False,-2039.56
2026-08-04,Tuesday,False,False,23,False,1340.0,10.0,0.7462686567164178,1,0.8568,0.8568,True,True,1320.25,True,True,1320.25,0.8388,0.8388,True,True,1320.25
2026-08-05,Wednesday,False,False,22,False,1326.5,1.300048828125,0.09800594256502072,1,0.3128,0.6872,True,False,-1353.89,True,False,-1353.89,0.2763,0.7237,True,False,-1353.89
2026-08-06,Thursday,False,False,21,False,1331.0,0.0,0.0,0,0.6717,0.6717,True,False,-1048.34,True,False,-1048.34,0.6548,0.6548,True,False,-1048.34
2026-08-07,Friday,True,False,20,False,1328.0,0.0,0.0,0,0.6887,0.6887,True,False,-3254.0,True,False,-3254.0,0.6914,0.6914,False,,0.0
2026-08-10,Monday,False,True,17,False,1332.5,0.0,0.0,0,0.5636,0.5636,True,False,-1049.41,False,,0.0,0.5496,0.5496,False,,0.0
2026-08-11,Tuesday,False,False,16,False,1347.0,2.800048828125,0.2078729642260579,1,0.4316,0.5684,True,False,-1724.75,False,,0.0,0.4629,0.5371,False,,0.0
2026-08-12,Wednesday,False,False,15,False,1339.0,0.0,0.0,0,0.5767,0.5767,True,False,-1054.04,False,,0.0,0.5317,0.5317,False,,0.0
2026-08-13,Thursday,False,False,14,False,1350.0,5.0,0.3703703703703704,1,0.7655,0.7655,True,True,125.63,True,True,125.63,0.7785,0.7785,True,True,125.63
2026-08-14,Friday,True,False,13,False,1344.4000244140625,-0.4000244140625,-0.02975486512928657,0,0.3431,0.6569,True,True,-3197.94,True,True,-3197.94,0.4233,0.5767,False,,0.0
2026-08-17,Monday,False,True,10,False,1356.800048828125,0.0,0.0,0,0.5951,0.5951,True,False,-1066.72,False,,0.0,0.5304,0.5304,False,,0.0
2026-08-18,Tuesday,False,False,9,False,1340.5999755859375,0.0,0.0,0,0.1959,0.8041,True,True,-1055.18,True,True,-1055.18,0.184,0.816,True,True,-1055.18
2026-08-19,Wednesday,False,False,8,False,1329.0,6.0,0.4514672686230248,1,0.2413,0.7587,True,False,-2471.91,True,False,-2471.91,0.2702,0.7298,True,False,-2471.91
2026-08-20,Thursday,False,False,7,False,1345.9000244140625,0.0,0.0,0,0.5492,0.5492,False,,0.0,False,,0.0,0.5318,0.5318,False,,0.0
2026-08-21,Friday,True,False,6,False,1388.9000244140625,1.0999755859375,0.07919760721449684,1,0.8782,0.8782,True,True,-3137.39,True,True,-3137.39,0.8639,0.8639,True,True,-3137.39
2026-08-24,Monday,False,True,3,True,1385.0999755859375,-2.9000244140625,-0.20937293084823755,0,0.4795,0.5205,False,,0.0,False,,0.0,0.3424,0.6576,True,True,-122.63
2026-08-25,Tuesday,False,False,2,True,1394.800048828125,0.199951171875,0.014335472101753495,1,0.8126,0.8126,True,True,-1046.31,True,True,-1046.31,0.8462,0.8462,True,True,-1027.31
2026-08-26,Wednesday,False,False,1,True,1434.0,6.0,0.41841004184100417,1,0.7474,0.7474,True,True,303.27,True,True,303.27,0.7725,0.7725,True,True,873.27
2026-08-27,Thursday,False,False,0,True,1410.800048828125,0.0,0.0,0,0.5782,0.5782,True,False,-1105.2,False,,0.0,0.5001,0.5001,False,,0.0
2026-08-28,Friday,True,False,27,False,1414.699951171875,-0.7999267578125,-0.056543916407848595,0,0.5741,0.5741,True,False,-3649.89,False,,0.0,0.6043,0.6043,False,,0.0
2026-08-31,Monday,False,True,24,False,1402.5,-2.5,-0.17825311942959002,0,0.5282,0.5282,False,,0.0,False,,0.0,0.4869,0.5131,False,,0.0
2026-09-01,Tuesday,False,False,23,False,1391.0,-13.0,-0.9345794392523363,0,0.2254,0.7746,True,True,1996.41,True,True,1996.41,0.2388,0.7612,True,True,1996.41
2026-09-02,Wednesday,False,False,22,False,1365.199951171875,4.800048828125,0.3516004248318851,1,0.3367,0.6633,True,False,-2212.72,True,False,-2212.72,0.3209,0.6791,True,False,-2212.72
2026-09-03,Thursday,False,False,21,False,1394.0,6.0,0.430416068866571,1,0.8429,0.8429,True,True,331.77,True,True,331.77,0.8391,0.8391,True,True,331.77
2026-09-04,Friday,True,False,20,False,1394.5999755859375,-2.5,-0.17926287421234405,0,0.4143,0.5857,True,True,-2818.42,False,,0.0,0.5042,0.5042,False,,0.0
2026-09-07,Monday,False,True,17,False,1414.9000244140625,0.0999755859375,0.007065911669547241,1,0.4195,0.5805,True,False,-1131.86,False,,0.0,0.4112,0.5888,False,,0.0
2026-09-08,Tuesday,False,False,16,False,1400.0,-7.0,-0.5,0,0.2359,0.7641,True,True,565.0,True,True,565.0,0.2318,0.7682,True,True,565.0
2026-09-09,Wednesday,False,False,15,False,1368.5999755859375,-7.699951171875,-0.5626151767669312,0,0.1922,0.8078,True,True,753.61,True,True,753.61,0.2086,0.7914,True,True,753.61
2026-09-10,Thursday,False,False,14,False,1355.0,-11.4000244140625,-0.8413302150599631,0,0.2888,0.7112,True,True,1642.07,True,True,1642.07,0.2991,0.7009,True,True,1642.07
2026-09-11,Friday,True,False,13,False,1360.0,0.0,0.0,0,0.725,0.725,True,False,-3330.0,True,False,-3330.0,0.7764,0.7764,True,False,-3330.0
2026-09-15,Tuesday,False,False,9,False,1311.0,0.0,0.0,0,0.2442,0.7558,True,True,-1034.09,True,True,-1034.09,0.2196,0.7804,True,True,-1034.09
2026-09-16,Wednesday,False,False,8,False,1299.0,0.0,0.0,0,0.3744,0.6256,True,True,-1025.54,False,,0.0,0.2781,0.7219,True,True,-1025.54
2026-09-17,Thursday,False,False,7,False,1349.4000244140625,-1.4000244140625,-0.10375162210853077,0,0.8084,0.8084,True,False,-1393.95,True,False,-1393.95,0.8267,0.8267,True,False,-1393.95
2026-09-18,Friday,True,False,6,False,1390.0,,,0,0.552,0.552,True,False,,False,,0.0,0.5808,0.5808,False,,0.0
