Week,Date Range,Trades,Wins,Losses,Cutoff,Sidelined,Net PnL (Rs)
2026-W28,2026-07-06 to 2026-07-10,3,1,0,2,2,15384.5
2026-W29,2026-07-13 to 2026-07-17,2,0,0,2,3,9433.0
2026-W30,2026-07-20 to 2026-07-24,2,0,2,0,3,-9700.0
2026-W31,2026-07-27 to 2026-07-31,1,0,1,0,4,-4850.0
2026-W32,2026-08-03 to 2026-08-07,4,1,1,2,1,12890.5
2026-W33,2026-08-10 to 2026-08-14,1,0,0,1,4,2968.5
2026-W34,2026-08-17 to 2026-08-21,3,1,0,2,2,19260.5
2026-W35,2026-08-24 to 2026-08-28,3,2,0,1,2,18529.0
2026-W36,2026-08-31 to 2026-09-04,3,2,1,0,2,13950.0
2026-W37,2026-09-07 to 2026-09-11,3,0,1,2,2,5267.0
2026-W38,2026-09-15 to 2026-09-18,2,2,0,0,2,18800.0
2026-W39,2026-09-21 to 2026-09-25,3,0,1,2,2,-4299.5
