date,day_name,week,is_gap_day,gap_points,model_action,contract,entry_time,entry_spot,entry_prem,exit_prem,opt_pnl_pt,hit_status,hit_time,net_pnl,lots,qty
2026-07-06,Monday,2026-W28,False,10.61,BUY CE (83.9%),CDSL 1340 CE,09:20,1348.7,51.49,57.22,5.73,⏱️ CUTOFF (03:05 PM),15:05,5343.5,2,950
2026-07-07,Tuesday,2026-W28,True,14.58,NO_TRADE,CDSL 1340 CE,09:35,1349.199951171875,0.0,0.0,0.0,⚪ SIDELINED (Conviction < Threshold),N/A,0.0,0,0
2026-07-08,Wednesday,2026-W28,False,-0.71,NO_TRADE,CDSL 1340 PE,09:20,1348.0,0.0,0.0,0.0,⚪ SIDELINED (Conviction < Threshold),N/A,0.0,0,0
2026-07-09,Thursday,2026-W28,True,17.55,BUY CE (87.2%),CDSL 1340 CE,09:35,1345.0,46.22,47.0,0.78,⏱️ CUTOFF (03:05 PM),15:05,641.0,2,950
2026-07-10,Friday,2026-W28,True,22.67,BUY CE (90.0%),CDSL 1380 CE,09:35,1388.7,48.45,58.45,10.0,🎯 TARGET HIT (+₹10.00),10:10,9400.0,2,950
2026-07-13,Monday,2026-W29,False,3.24,NO_TRADE,CDSL 1420 CE,09:20,1428.800048828125,0.0,0.0,0.0,⚪ SIDELINED (Conviction < Threshold),N/A,0.0,0,0
2026-07-14,Tuesday,2026-W29,False,-6.44,NO_TRADE,CDSL 1440 CE,09:20,1433.0,0.0,0.0,0.0,⚪ SIDELINED (Conviction < Threshold),N/A,0.0,0,0
2026-07-15,Wednesday,2026-W29,True,14.61,BUY CE (86.1%),CDSL 1440 CE,09:35,1433.5,35.81,38.69,2.88,⏱️ CUTOFF (03:05 PM),15:05,2636.0,2,950
2026-07-16,Thursday,2026-W29,True,15.92,BUY PE (75.3%),CDSL 1420 PE,09:35,1427.0,30.52,37.78,7.26,⏱️ CUTOFF (03:05 PM),15:05,6797.0,2,950
2026-07-17,Friday,2026-W29,False,5.65,NO_TRADE,CDSL 1400 CE,09:20,1390.699951171875,0.0,0.0,0.0,⚪ SIDELINED (Conviction < Threshold),N/A,0.0,0,0
2026-07-20,Monday,2026-W30,False,-5.2,BUY PE (75.1%),CDSL 1380 PE,09:20,1389.8,23.51,18.51,-5.0,🛑 STOP LOSS HIT (-₹5.00),09:40,-4850.0,2,950
2026-07-21,Tuesday,2026-W30,False,-1.0,NO_TRADE,CDSL 1380 CE,09:20,1387.699951171875,0.0,0.0,0.0,⚪ SIDELINED (Conviction < Threshold),N/A,0.0,0,0
2026-07-22,Wednesday,2026-W30,False,-3.9,NO_TRADE,CDSL 1360 PE,09:20,1357.0,0.0,0.0,0.0,⚪ SIDELINED (Conviction < Threshold),N/A,0.0,0,0
2026-07-23,Thursday,2026-W30,False,-6.7,BUY PE (84.9%),CDSL 1320 PE,09:20,1322.5,21.33,16.33,-5.0,🛑 STOP LOSS HIT (-₹5.00),09:20,-4850.0,2,950
2026-07-24,Friday,2026-W30,True,-16.4,NO_TRADE,CDSL 1320 CE,09:35,1315.0,0.0,0.0,0.0,⚪ SIDELINED (Conviction < Threshold),N/A,0.0,0,0
2026-07-27,Monday,2026-W31,False,8.0,NO_TRADE,CDSL 1340 CE,09:20,1340.0999755859375,0.0,0.0,0.0,⚪ SIDELINED (Conviction < Threshold),N/A,0.0,0,0
2026-07-28,Tuesday,2026-W31,False,-2.5,NO_TRADE,CDSL 1320 PE,09:20,1328.9000244140625,0.0,0.0,0.0,⚪ SIDELINED (Conviction < Threshold),N/A,0.0,0,0
2026-07-29,Wednesday,2026-W31,False,4.7,BUY PE (73.1%),CDSL 1360 PE,09:20,1351.0,14.1,9.1,-5.0,🛑 STOP LOSS HIT (-₹5.00),10:35,-4850.0,2,950
2026-07-30,Thursday,2026-W31,False,-0.1,NO_TRADE,CDSL 1340 CE,09:20,1340.199951171875,0.0,0.0,0.0,⚪ SIDELINED (Conviction < Threshold),N/A,0.0,0,0
2026-07-31,Friday,2026-W31,False,3.8,NO_TRADE,CDSL 1340 CE,09:20,1340.5,0.0,0.0,0.0,⚪ SIDELINED (Conviction < Threshold),N/A,0.0,0,0
2026-08-03,Monday,2026-W32,False,7.0,BUY CE (72.4%),CDSL 1340 CE,09:20,1344.6,49.19,44.19,-5.0,🛑 STOP LOSS HIT (-₹5.00),10:10,-4850.0,2,950
2026-08-04,Tuesday,2026-W32,False,-2.3,BUY CE (83.9%),CDSL 1320 CE,09:20,1319.9,44.9,54.9,10.0,🎯 TARGET HIT (+₹10.00),09:35,9400.0,2,950
2026-08-05,Wednesday,2026-W32,False,9.8,BUY PE (72.4%),CDSL 1340 PE,09:20,1344.4,37.33,43.97,6.64,⏱️ CUTOFF (03:05 PM),15:05,6208.0,2,950
2026-08-06,Thursday,2026-W32,False,6.4,BUY CE (65.5%),CDSL 1320 CE,09:20,1327.9,47.19,49.54,2.35,⏱️ CUTOFF (03:05 PM),15:05,2132.5,2,950
2026-08-07,Friday,2026-W32,False,2.0,NO_TRADE,CDSL 1340 CE,09:20,1332.9000244140625,0.0,0.0,0.0,⚪ SIDELINED (Conviction < Threshold),N/A,0.0,0,0
2026-08-10,Monday,2026-W33,False,0.0,NO_TRADE,CDSL 1320 CE,09:20,1323.0,0.0,0.0,0.0,⚪ SIDELINED (Conviction < Threshold),N/A,0.0,0,0
2026-08-11,Tuesday,2026-W33,False,0.3,NO_TRADE,CDSL 1340 PE,09:20,1331.0,0.0,0.0,0.0,⚪ SIDELINED (Conviction < Threshold),N/A,0.0,0,0
2026-08-12,Wednesday,2026-W33,False,4.9,NO_TRADE,CDSL 1340 CE,09:20,1337.4000244140625,0.0,0.0,0.0,⚪ SIDELINED (Conviction < Threshold),N/A,0.0,0,0
2026-08-13,Thursday,2026-W33,False,-1.1,BUY CE (77.8%),CDSL 1340 CE,09:20,1343.2,36.87,40.1,3.23,⏱️ CUTOFF (03:05 PM),15:05,2968.5,2,950
2026-08-14,Friday,2026-W33,False,4.0,NO_TRADE,CDSL 1360 PE,09:20,1353.300048828125,0.0,0.0,0.0,⚪ SIDELINED (Conviction < Threshold),N/A,0.0,0,0
2026-08-17,Monday,2026-W34,False,-0.1,NO_TRADE,CDSL 1320 CE,09:20,1328.5999755859375,0.0,0.0,0.0,⚪ SIDELINED (Conviction < Threshold),N/A,0.0,0,0
2026-08-18,Tuesday,2026-W34,False,-0.1,BUY PE (81.6%),CDSL 1360 PE,09:20,1350.0,31.23,32.64,1.41,⏱️ CUTOFF (03:05 PM),15:05,1239.5,2,950
2026-08-19,Wednesday,2026-W34,False,-1.1,BUY PE (73.0%),CDSL 1340 PE,09:20,1343.5,22.73,31.91,9.18,⏱️ CUTOFF (03:05 PM),15:05,8621.0,2,950
2026-08-20,Thursday,2026-W34,False,3.9,NO_TRADE,CDSL 1340 CE,09:20,1335.300048828125,0.0,0.0,0.0,⚪ SIDELINED (Conviction < Threshold),N/A,0.0,0,0
2026-08-21,Friday,2026-W34,False,3.7,BUY CE (86.4%),CDSL 1360 CE,09:20,1352.0,19.06,29.06,10.0,🎯 TARGET HIT (+₹10.00),10:25,9400.0,2,950
2026-08-24,Monday,2026-W35,False,2.4,BUY PE (65.8%),CDSL 1400 PE,09:20,1401.2,15.25,25.25,10.0,🎯 TARGET HIT (+₹10.00),14:55,9400.0,2,950
2026-08-25,Tuesday,2026-W35,False,-2.7,BUY CE (84.6%),CDSL 1400 CE,09:20,1393.3,10.33,10.15,-0.18,⏱️ CUTOFF (03:05 PM),15:05,-271.0,2,950
2026-08-26,Wednesday,2026-W35,False,2.4,BUY CE (77.2%),CDSL 1400 CE,09:20,1405.5,12.53,22.53,10.0,🎯 TARGET HIT (+₹10.00),10:30,9400.0,2,950
2026-08-27,Thursday,2026-W35,False,8.3,NO_TRADE,CDSL 1440 CE,09:20,1436.300048828125,0.0,0.0,0.0,⚪ SIDELINED (Conviction < Threshold),N/A,0.0,0,0
2026-08-28,Friday,2026-W35,False,0.0,NO_TRADE,CDSL 1400 CE,09:20,1402.0,0.0,0.0,0.0,⚪ SIDELINED (Conviction < Threshold),N/A,0.0,0,0
2026-08-31,Monday,2026-W36,False,-4.2,NO_TRADE,CDSL 1400 PE,09:20,1403.0,0.0,0.0,0.0,⚪ SIDELINED (Conviction < Threshold),N/A,0.0,0,0
2026-09-01,Tuesday,2026-W36,False,-0.2,BUY PE (76.1%),CDSL 1400 PE,09:20,1405.4,39.51,49.51,10.0,🎯 TARGET HIT (+₹10.00),13:40,9400.0,2,950
2026-09-02,Wednesday,2026-W36,True,-13.0,BUY PE (67.9%),CDSL 1360 PE,09:35,1359.1,40.34,35.34,-5.0,🛑 STOP LOSS HIT (-₹5.00),10:20,-4850.0,2,950
2026-09-03,Thursday,2026-W36,True,12.8,BUY CE (83.9%),CDSL 1360 CE,09:35,1369.1,49.17,59.17,10.0,🎯 TARGET HIT (+₹10.00),13:05,9400.0,2,950
2026-09-04,Friday,2026-W36,False,10.7,NO_TRADE,CDSL 1400 CE,09:20,1407.9000244140625,0.0,0.0,0.0,⚪ SIDELINED (Conviction < Threshold),N/A,0.0,0,0
2026-09-07,Monday,2026-W37,False,0.2,BUY PE (72.7%),CDSL 1380 PE,09:20,1387.3,32.59,27.59,-5.0,🛑 STOP LOSS HIT (-₹5.00),09:35,-4850.0,2,950
2026-09-08,Tuesday,2026-W37,False,1.1,BUY PE (74.1%),CDSL 1420 PE,09:20,1412.8,39.4,46.64,7.24,⏱️ CUTOFF (03:05 PM),15:05,6778.0,2,950
2026-09-09,Wednesday,2026-W37,False,-7.0,BUY PE (74.1%),CDSL 1380 PE,09:20,1378.2,34.7,38.32,3.62,⏱️ CUTOFF (03:05 PM),15:05,3339.0,2,950
2026-09-10,Thursday,2026-W37,True,-13.4,NO_TRADE,CDSL 1380 PE,09:35,1372.0999755859375,0.0,0.0,0.0,⚪ SIDELINED (Conviction < Threshold),N/A,0.0,0,0
2026-09-11,Friday,2026-W37,False,-11.4,NO_TRADE,CDSL 1320 PE,09:20,1324.0,0.0,0.0,0.0,⚪ SIDELINED (Conviction < Threshold),N/A,0.0,0,0
2026-09-15,Tuesday,2026-W38,False,1.0,NO_TRADE,CDSL 1340 CE,09:20,1348.300048828125,0.0,0.0,0.0,⚪ SIDELINED (Conviction < Threshold),N/A,0.0,0,0
2026-09-16,Wednesday,2026-W38,False,-2.5,BUY PE (73.9%),CDSL 1320 PE,09:20,1318.2,24.87,34.87,10.0,🎯 TARGET HIT (+₹10.00),09:30,9400.0,2,950
2026-09-17,Thursday,2026-W38,False,2.6,BUY CE (72.7%),CDSL 1320 CE,09:20,1313.1,20.73,30.73,10.0,🎯 TARGET HIT (+₹10.00),09:25,9400.0,2,950
2026-09-18,Friday,2026-W38,False,1.8,NO_TRADE,CDSL 1360 CE,09:20,1352.0,0.0,0.0,0.0,⚪ SIDELINED (Conviction < Threshold),N/A,0.0,0,0
2026-09-21,Monday,2026-W39,False,-1.1,NO_TRADE,CDSL 1380 PE,09:20,1376.800048828125,0.0,0.0,0.0,⚪ SIDELINED (Conviction < Threshold),N/A,0.0,0,0
2026-09-22,Tuesday,2026-W39,False,2.9,NO_TRADE,CDSL 1380 PE,09:20,1370.300048828125,0.0,0.0,0.0,⚪ SIDELINED (Conviction < Threshold),N/A,0.0,0,0
2026-09-23,Wednesday,2026-W39,False,0.0,BUY PE (68.8%),CDSL 1360 PE,09:20,1354.9,11.7,14.69,2.99,⏱️ CUTOFF (03:05 PM),15:05,2740.5,2,950
2026-09-24,Thursday,2026-W39,True,-17.6,BUY PE (67.5%),CDSL 1340 PE,09:35,1335.4,11.29,6.29,-5.0,🛑 STOP LOSS HIT (-₹5.00),10:50,-4850.0,2,950
2026-09-25,Friday,2026-W39,False,3.8,BUY CE (65.0%),CDSL 1320 CE,09:20,1320.1,55.39,53.19,-2.2,⏱️ CUTOFF (03:05 PM),15:05,-2190.0,2,950
