date,is_gap_day,gap_points,contract,entry_time,entry_prem,exit_prem,hit_status,hit_time,early_spike_sl,prem_diff,net_pnl,scenario
2026-07-06,False,10.61,₹1340 CE,09:20,51.49,57.22,CUTOFF,15:05,False,5.73,3911.0,09:20_standard
2026-07-07,True,14.58,₹1360 CE,09:20,43.42,38.42,SL_HIT,09:45,True,-5.0,-3600.0,09:20_standard
2026-07-08,False,-0.71,₹1340 PE,09:20,35.74,30.74,SL_HIT,10:45,False,-5.0,-3600.0,09:20_standard
2026-07-09,True,17.55,₹1340 CE,09:20,38.94,48.94,TARGET_HIT,09:35,False,10.0,6900.0,09:20_standard
2026-07-10,True,22.67,₹1380 CE,09:20,41.91,51.91,TARGET_HIT,09:40,False,10.0,6900.0,09:20_standard
2026-07-13,False,3.24,₹1420 CE,09:20,46.07,41.07,SL_HIT,09:25,True,-5.0,-3600.0,09:20_standard
2026-07-14,False,-6.44,₹1440 PE,09:20,39.8,34.8,SL_HIT,12:00,False,-5.0,-3600.0,09:20_standard
2026-07-15,True,14.61,₹1440 CE,09:20,35.91,38.69,CUTOFF,15:05,False,2.78,1846.0,09:20_standard
2026-07-16,True,15.92,₹1440 PE,09:20,37.15,47.15,TARGET_HIT,12:35,False,10.0,6900.0,09:20_standard
2026-07-17,False,5.65,₹1400 CE,09:20,30.63,25.63,SL_HIT,10:00,False,-5.0,-3600.0,09:20_standard
2026-07-20,False,-5.2,₹1380 PE,09:20,23.51,18.51,SL_HIT,09:40,True,-5.0,-3600.0,09:20_standard
2026-07-21,False,-1.0,₹1380 PE,09:20,23.04,33.04,TARGET_HIT,11:10,False,10.0,6900.0,09:20_standard
2026-07-22,False,-3.9,₹1360 PE,09:20,26.19,36.19,TARGET_HIT,09:35,False,10.0,6900.0,09:20_standard
2026-07-23,False,-6.7,₹1320 PE,09:20,21.33,16.33,SL_HIT,09:20,True,-5.0,-3600.0,09:20_standard
2026-07-24,True,-16.4,₹1320 CE,09:20,21.38,16.38,SL_HIT,09:50,False,-5.0,-3600.0,09:20_standard
2026-07-27,False,8.0,₹1340 PE,09:20,15.1,19.89,CUTOFF,15:05,False,4.79,3253.0,09:20_standard
2026-07-28,False,-2.5,₹1320 CE,09:20,17.75,27.75,TARGET_HIT,14:35,False,10.0,6900.0,09:20_standard
2026-07-29,False,4.7,₹1360 CE,09:20,5.34,5.41,CUTOFF,15:05,False,0.07,-51.0,09:20_standard
2026-07-30,False,-0.1,₹1340 PE,09:20,8.74,11.0,CUTOFF,15:05,False,2.26,1482.0,09:20_standard
2026-07-31,False,3.8,₹1340 PE,09:20,43.03,45.36,CUTOFF,15:05,False,2.33,1531.0,09:20_standard
2026-08-03,False,7.0,₹1340 PE,09:20,38.87,48.87,TARGET_HIT,15:00,False,10.0,6900.0,09:20_standard
2026-08-04,False,-2.3,₹1320 CE,09:20,44.9,54.9,TARGET_HIT,09:35,False,10.0,6900.0,09:20_standard
2026-08-05,False,9.8,₹1340 PE,09:20,37.33,43.97,CUTOFF,15:05,False,6.64,4548.0,09:20_standard
2026-08-06,False,6.4,₹1320 CE,09:20,47.19,49.54,CUTOFF,15:05,False,2.35,1545.0,09:20_standard
2026-08-07,False,2.0,₹1340 PE,09:20,41.04,42.84,CUTOFF,15:05,False,1.8,1160.0,09:20_standard
2026-08-10,False,0.0,₹1320 CE,09:20,39.95,49.95,TARGET_HIT,13:30,False,10.0,6900.0,09:20_standard
2026-08-11,False,0.3,₹1340 CE,09:20,33.1,43.1,TARGET_HIT,13:45,False,10.0,6900.0,09:20_standard
2026-08-12,False,4.9,₹1340 PE,09:20,34.11,30.66,CUTOFF,15:05,False,-3.45,-2515.0,09:20_standard
2026-08-13,False,-1.1,₹1340 CE,09:20,36.87,40.1,CUTOFF,15:05,False,3.23,2161.0,09:20_standard
2026-08-14,False,4.0,₹1360 PE,09:20,34.45,40.64,CUTOFF,15:05,False,6.19,4233.0,09:20_standard
2026-08-17,False,-0.1,₹1320 CE,09:20,33.77,43.77,TARGET_HIT,12:05,False,10.0,6900.0,09:20_standard
2026-08-18,False,-0.1,₹1360 PE,09:20,31.23,32.64,CUTOFF,15:05,False,1.41,887.0,09:20_standard
2026-08-19,False,-1.1,₹1340 PE,09:20,22.73,31.91,CUTOFF,15:05,False,9.18,6326.0,09:20_standard
2026-08-20,False,3.9,₹1340 CE,09:20,22.15,32.15,TARGET_HIT,11:10,False,10.0,6900.0,09:20_standard
2026-08-21,False,3.7,₹1360 CE,09:20,19.06,29.06,TARGET_HIT,10:25,False,10.0,6900.0,09:20_standard
2026-08-24,False,2.4,₹1400 PE,09:20,15.25,25.25,TARGET_HIT,14:55,False,10.0,6900.0,09:20_standard
2026-08-25,False,-2.7,₹1400 CE,09:20,10.33,10.15,CUTOFF,15:05,False,-0.18,-226.0,09:20_standard
2026-08-26,False,2.4,₹1400 CE,09:20,12.53,22.53,TARGET_HIT,10:30,False,10.0,6900.0,09:20_standard
2026-08-27,False,8.3,₹1440 PE,09:20,11.43,21.43,TARGET_HIT,09:40,False,10.0,6900.0,09:20_standard
2026-08-28,False,0.0,₹1400 CE,09:20,52.99,55.71,CUTOFF,15:05,False,2.72,1804.0,09:20_standard
2026-08-31,False,-4.2,₹1400 PE,09:20,41.42,42.15,CUTOFF,15:05,False,0.73,411.0,09:20_standard
2026-09-01,False,-0.2,₹1400 PE,09:20,39.51,49.51,TARGET_HIT,13:40,False,10.0,6900.0,09:20_standard
2026-09-02,True,-13.0,₹1360 PE,09:20,38.28,37.56,CUTOFF,15:05,False,-0.72,-604.0,09:20_standard
2026-09-03,True,12.8,₹1380 CE,09:20,44.37,39.37,SL_HIT,09:25,True,-5.0,-3600.0,09:20_standard
2026-09-04,False,10.7,₹1400 CE,09:20,48.62,43.62,SL_HIT,11:50,False,-5.0,-3600.0,09:20_standard
2026-09-07,False,0.2,₹1380 CE,09:20,44.07,54.07,TARGET_HIT,09:40,False,10.0,6900.0,09:20_standard
2026-09-08,False,1.1,₹1420 PE,09:20,39.4,46.64,CUTOFF,15:05,False,7.24,4968.0,09:20_standard
2026-09-09,False,-7.0,₹1380 PE,09:20,34.7,38.32,CUTOFF,15:05,False,3.62,2434.0,09:20_standard
2026-09-10,True,-13.4,₹1360 PE,09:20,29.14,35.2,CUTOFF,15:05,False,6.06,4142.0,09:20_standard
2026-09-11,False,-11.4,₹1320 CE,09:20,35.46,45.46,TARGET_HIT,14:00,False,10.0,6900.0,09:20_standard
2026-09-15,False,1.0,₹1340 PE,09:20,22.02,32.02,TARGET_HIT,10:45,False,10.0,6900.0,09:20_standard
2026-09-16,False,-2.5,₹1320 PE,09:20,24.87,34.87,TARGET_HIT,09:30,False,10.0,6900.0,09:20_standard
2026-09-17,False,2.6,₹1320 CE,09:20,20.73,30.73,TARGET_HIT,09:25,False,10.0,6900.0,09:20_standard
2026-09-18,False,1.8,₹1360 CE,09:20,19.06,29.06,TARGET_HIT,09:20,False,10.0,6900.0,09:20_standard
2026-09-21,False,-1.1,₹1380 PE,09:20,17.21,27.21,TARGET_HIT,09:35,False,10.0,6900.0,09:20_standard
2026-09-22,False,2.9,₹1380 PE,09:20,18.11,28.11,TARGET_HIT,10:50,False,10.0,6900.0,09:20_standard
2026-09-23,False,0.0,₹1360 CE,09:20,6.85,5.03,CUTOFF,15:05,False,-1.82,-1374.0,09:20_standard
2026-09-24,True,-17.6,₹1340 PE,09:20,11.52,6.52,SL_HIT,10:50,False,-5.0,-3600.0,09:20_standard
2026-09-25,False,3.8,₹1320 PE,09:20,47.32,42.32,SL_HIT,09:20,True,-5.0,-3600.0,09:20_standard
2026-07-06,False,10.61,₹1340 CE,09:20,51.49,57.22,CUTOFF,15:05,False,5.73,3911.0,09:35_gap_guarded
2026-07-07,True,14.58,₹1340 CE,09:35,50.73,57.76,CUTOFF,15:05,False,7.03,4821.0,09:35_gap_guarded
2026-07-08,False,-0.71,₹1340 PE,09:20,35.74,30.74,SL_HIT,10:45,False,-5.0,-3600.0,09:35_gap_guarded
2026-07-09,True,17.55,₹1340 CE,09:35,46.22,47.0,CUTOFF,15:05,False,0.78,446.0,09:35_gap_guarded
2026-07-10,True,22.67,₹1380 CE,09:35,48.45,58.45,TARGET_HIT,10:10,False,10.0,6900.0,09:35_gap_guarded
2026-07-13,False,3.24,₹1420 CE,09:20,46.07,41.07,SL_HIT,09:25,True,-5.0,-3600.0,09:35_gap_guarded
2026-07-14,False,-6.44,₹1440 PE,09:20,39.8,34.8,SL_HIT,12:00,False,-5.0,-3600.0,09:35_gap_guarded
2026-07-15,True,14.61,₹1440 CE,09:35,35.81,38.69,CUTOFF,15:05,False,2.88,1916.0,09:35_gap_guarded
2026-07-16,True,15.92,₹1420 PE,09:35,30.52,37.78,CUTOFF,15:05,False,7.26,4982.0,09:35_gap_guarded
2026-07-17,False,5.65,₹1400 CE,09:20,30.63,25.63,SL_HIT,10:00,False,-5.0,-3600.0,09:35_gap_guarded
2026-07-20,False,-5.2,₹1380 PE,09:20,23.51,18.51,SL_HIT,09:40,True,-5.0,-3600.0,09:35_gap_guarded
2026-07-21,False,-1.0,₹1380 PE,09:20,23.04,33.04,TARGET_HIT,11:10,False,10.0,6900.0,09:35_gap_guarded
2026-07-22,False,-3.9,₹1360 PE,09:20,26.19,36.19,TARGET_HIT,09:35,False,10.0,6900.0,09:35_gap_guarded
2026-07-23,False,-6.7,₹1320 PE,09:20,21.33,16.33,SL_HIT,09:20,True,-5.0,-3600.0,09:35_gap_guarded
2026-07-24,True,-16.4,₹1320 CE,09:35,19.8,29.8,TARGET_HIT,12:25,False,10.0,6900.0,09:35_gap_guarded
2026-07-27,False,8.0,₹1340 PE,09:20,15.1,19.89,CUTOFF,15:05,False,4.79,3253.0,09:35_gap_guarded
2026-07-28,False,-2.5,₹1320 CE,09:20,17.75,27.75,TARGET_HIT,14:35,False,10.0,6900.0,09:35_gap_guarded
2026-07-29,False,4.7,₹1360 CE,09:20,5.34,5.41,CUTOFF,15:05,False,0.07,-51.0,09:35_gap_guarded
2026-07-30,False,-0.1,₹1340 PE,09:20,8.74,11.0,CUTOFF,15:05,False,2.26,1482.0,09:35_gap_guarded
2026-07-31,False,3.8,₹1340 PE,09:20,43.03,45.36,CUTOFF,15:05,False,2.33,1531.0,09:35_gap_guarded
2026-08-03,False,7.0,₹1340 PE,09:20,38.87,48.87,TARGET_HIT,15:00,False,10.0,6900.0,09:35_gap_guarded
2026-08-04,False,-2.3,₹1320 CE,09:20,44.9,54.9,TARGET_HIT,09:35,False,10.0,6900.0,09:35_gap_guarded
2026-08-05,False,9.8,₹1340 PE,09:20,37.33,43.97,CUTOFF,15:05,False,6.64,4548.0,09:35_gap_guarded
2026-08-06,False,6.4,₹1320 CE,09:20,47.19,49.54,CUTOFF,15:05,False,2.35,1545.0,09:35_gap_guarded
2026-08-07,False,2.0,₹1340 PE,09:20,41.04,42.84,CUTOFF,15:05,False,1.8,1160.0,09:35_gap_guarded
2026-08-10,False,0.0,₹1320 CE,09:20,39.95,49.95,TARGET_HIT,13:30,False,10.0,6900.0,09:35_gap_guarded
2026-08-11,False,0.3,₹1340 CE,09:20,33.1,43.1,TARGET_HIT,13:45,False,10.0,6900.0,09:35_gap_guarded
2026-08-12,False,4.9,₹1340 PE,09:20,34.11,30.66,CUTOFF,15:05,False,-3.45,-2515.0,09:35_gap_guarded
2026-08-13,False,-1.1,₹1340 CE,09:20,36.87,40.1,CUTOFF,15:05,False,3.23,2161.0,09:35_gap_guarded
2026-08-14,False,4.0,₹1360 PE,09:20,34.45,40.64,CUTOFF,15:05,False,6.19,4233.0,09:35_gap_guarded
2026-08-17,False,-0.1,₹1320 CE,09:20,33.77,43.77,TARGET_HIT,12:05,False,10.0,6900.0,09:35_gap_guarded
2026-08-18,False,-0.1,₹1360 PE,09:20,31.23,32.64,CUTOFF,15:05,False,1.41,887.0,09:35_gap_guarded
2026-08-19,False,-1.1,₹1340 PE,09:20,22.73,31.91,CUTOFF,15:05,False,9.18,6326.0,09:35_gap_guarded
2026-08-20,False,3.9,₹1340 CE,09:20,22.15,32.15,TARGET_HIT,11:10,False,10.0,6900.0,09:35_gap_guarded
2026-08-21,False,3.7,₹1360 CE,09:20,19.06,29.06,TARGET_HIT,10:25,False,10.0,6900.0,09:35_gap_guarded
2026-08-24,False,2.4,₹1400 PE,09:20,15.25,25.25,TARGET_HIT,14:55,False,10.0,6900.0,09:35_gap_guarded
2026-08-25,False,-2.7,₹1400 CE,09:20,10.33,10.15,CUTOFF,15:05,False,-0.18,-226.0,09:35_gap_guarded
2026-08-26,False,2.4,₹1400 CE,09:20,12.53,22.53,TARGET_HIT,10:30,False,10.0,6900.0,09:35_gap_guarded
2026-08-27,False,8.3,₹1440 PE,09:20,11.43,21.43,TARGET_HIT,09:40,False,10.0,6900.0,09:35_gap_guarded
2026-08-28,False,0.0,₹1400 CE,09:20,52.99,55.71,CUTOFF,15:05,False,2.72,1804.0,09:35_gap_guarded
2026-08-31,False,-4.2,₹1400 PE,09:20,41.42,42.15,CUTOFF,15:05,False,0.73,411.0,09:35_gap_guarded
2026-09-01,False,-0.2,₹1400 PE,09:20,39.51,49.51,TARGET_HIT,13:40,False,10.0,6900.0,09:35_gap_guarded
2026-09-02,True,-13.0,₹1360 PE,09:35,40.34,35.34,SL_HIT,10:20,False,-5.0,-3600.0,09:35_gap_guarded
2026-09-03,True,12.8,₹1360 CE,09:35,49.17,59.17,TARGET_HIT,13:05,False,10.0,6900.0,09:35_gap_guarded
2026-09-04,False,10.7,₹1400 CE,09:20,48.62,43.62,SL_HIT,11:50,False,-5.0,-3600.0,09:35_gap_guarded
2026-09-07,False,0.2,₹1380 CE,09:20,44.07,54.07,TARGET_HIT,09:40,False,10.0,6900.0,09:35_gap_guarded
2026-09-08,False,1.1,₹1420 PE,09:20,39.4,46.64,CUTOFF,15:05,False,7.24,4968.0,09:35_gap_guarded
2026-09-09,False,-7.0,₹1380 PE,09:20,34.7,38.32,CUTOFF,15:05,False,3.62,2434.0,09:35_gap_guarded
2026-09-10,True,-13.4,₹1380 PE,09:35,36.63,46.63,TARGET_HIT,15:05,False,10.0,6900.0,09:35_gap_guarded
2026-09-11,False,-11.4,₹1320 CE,09:20,35.46,45.46,TARGET_HIT,14:00,False,10.0,6900.0,09:35_gap_guarded
2026-09-15,False,1.0,₹1340 PE,09:20,22.02,32.02,TARGET_HIT,10:45,False,10.0,6900.0,09:35_gap_guarded
2026-09-16,False,-2.5,₹1320 PE,09:20,24.87,34.87,TARGET_HIT,09:30,False,10.0,6900.0,09:35_gap_guarded
2026-09-17,False,2.6,₹1320 CE,09:20,20.73,30.73,TARGET_HIT,09:25,False,10.0,6900.0,09:35_gap_guarded
2026-09-18,False,1.8,₹1360 CE,09:20,19.06,29.06,TARGET_HIT,09:20,False,10.0,6900.0,09:35_gap_guarded
2026-09-21,False,-1.1,₹1380 PE,09:20,17.21,27.21,TARGET_HIT,09:35,False,10.0,6900.0,09:35_gap_guarded
2026-09-22,False,2.9,₹1380 PE,09:20,18.11,28.11,TARGET_HIT,10:50,False,10.0,6900.0,09:35_gap_guarded
2026-09-23,False,0.0,₹1360 CE,09:20,6.85,5.03,CUTOFF,15:05,False,-1.82,-1374.0,09:35_gap_guarded
2026-09-24,True,-17.6,₹1340 PE,09:35,11.29,6.29,SL_HIT,10:50,False,-5.0,-3600.0,09:35_gap_guarded
2026-09-25,False,3.8,₹1320 PE,09:20,47.32,42.32,SL_HIT,09:20,True,-5.0,-3600.0,09:35_gap_guarded
