date,day,status,direction,conviction,contract,gap,v1_entry_time,v1_entry_prem,v1_exit_prem,v1_opt_pnl,v1_hit,v1_hit_time,v1_net,v2_tranche1,v2_lot1_entry_prem,v2_lot1_exit_prem,v2_lot1_hit,v2_lot1_pnl,v2_lot2_entry_prem,v2_lot2_exit_prem,v2_lot2_hit,v2_lot2_hit_time,v2_lot2_pnl,v2_net,v2_edge,reason,v1_pnl,v2_pnl
2026-09-01,Tue,TRADED,DOWN,76.1,CDSL 1400 PE,-0.2,09:20,39.51,49.51,10.0,TARGET,13:40,9400.0,NO,39.51,49.51,TARGET,4750.0,39.51,48.34,EMA_EXIT,14:50,4194.0,8844.0,-556.0,,,
2026-09-02,Wed,TRADED,DOWN,67.9,CDSL 1360 PE,-13.0,09:35,40.34,35.34,-5.0,SL,10:20,-4850.0,NO,40.34,35.34,SL,-2375.0,40.34,35.34,SL,10:20,-2375.0,-4850.0,0.0,,,
2026-09-03,Thu,TRADED,UP,83.9,CDSL 1360 CE,12.8,09:35,49.17,59.17,10.0,TARGET,13:05,9400.0,NO,49.17,59.17,TARGET,4750.0,49.17,64.07,CUTOFF,15:05,7077.0,11727.0,2327.0,,,
2026-09-04,Fri,SIDELINED,,,,,,,,,,,,,,,,,,,,,,,0.0,Conviction 50.4% < threshold,0.0,0.0
2026-09-07,Mon,TRADED,DOWN,72.7,CDSL 1380 PE,0.2,09:20,32.59,27.59,-5.0,SL,09:35,-4850.0,NO,32.59,27.59,SL,-2375.0,32.59,27.59,SL,09:35,-2375.0,-4850.0,0.0,,,
2026-09-08,Tue,TRADED,DOWN,74.1,CDSL 1420 PE,1.1,09:20,39.4,46.64,7.24,CUTOFF,15:05,6778.0,NO,39.4,46.64,CUTOFF,3439.0,39.4,46.64,CUTOFF,15:05,3439.0,6778.0,0.0,,,
2026-09-09,Wed,TRADED,DOWN,74.1,CDSL 1380 PE,-7.0,09:20,34.7,38.32,3.62,CUTOFF,15:05,3339.0,NO,34.7,38.32,CUTOFF,1719.0,34.7,38.32,CUTOFF,15:05,1719.0,3338.0,-1.0,,,
2026-09-10,Thu,SIDELINED,,,,,,,,,,,,,,,,,,,,,,,0.0,Conviction 62.7% < threshold,0.0,0.0
2026-09-11,Fri,SIDELINED,,,,,,,,,,,,,,,,,,,,,,,0.0,Conviction 51.6% < threshold,0.0,0.0
2026-09-15,Tue,SIDELINED,,,,,,,,,,,,,,,,,,,,,,,0.0,Conviction 51.7% < threshold,0.0,0.0
2026-09-16,Wed,TRADED,DOWN,73.9,CDSL 1320 PE,-2.5,09:20,24.87,34.87,10.0,TARGET,09:30,9400.0,NO,24.87,34.87,TARGET,4750.0,24.87,37.01,EMA_EXIT,11:20,5766.0,10416.0,1016.0,,,
2026-09-17,Thu,TRADED,UP,72.7,CDSL 1320 CE,2.6,09:20,20.73,30.73,10.0,TARGET,09:25,9400.0,NO,20.73,30.73,TARGET,4750.0,20.73,42.0,EMA_EXIT,13:00,10103.0,14753.0,5353.0,,,
2026-09-18,Fri,SIDELINED,,,,,,,,,,,,,,,,,,,,,,,0.0,Conviction 59.6% < threshold,0.0,0.0
2026-09-21,Mon,SIDELINED,,,,,,,,,,,,,,,,,,,,,,,0.0,Conviction 50.7% < threshold,0.0,0.0
2026-09-22,Tue,SIDELINED,,,,,,,,,,,,,,,,,,,,,,,0.0,Conviction 50.4% < threshold,0.0,0.0
2026-09-23,Wed,TRADED,DOWN,68.8,CDSL 1360 PE,0.0,09:20,11.7,14.69,2.99,CUTOFF,15:05,2740.0,YES,12.6,14.69,CUTOFF,993.0,11.7,14.69,CUTOFF,15:05,1420.0,2313.0,-427.0,,,
2026-09-24,Thu,TRADED,DOWN,67.5,CDSL 1340 PE,-17.6,09:35,11.29,6.29,-5.0,SL,10:50,-4850.0,NO,11.29,6.29,SL,-2375.0,11.29,6.29,SL,10:50,-2375.0,-4850.0,0.0,,,
2026-09-28,Mon,SIDELINED,,,,,,,,,,,,,,,,,,,,,,,0.0,Conviction 60.2% < threshold,0.0,0.0
2026-09-29,Tue,TRADED,DOWN,65.7,CDSL 1280 PE,-1.1,09:20,41.39,51.39,10.0,TARGET,09:40,9400.0,NO,41.39,51.39,TARGET,4750.0,41.39,46.72,CUTOFF,15:05,2532.0,7182.0,-2218.0,,,
2026-09-30,Wed,TRADED,DOWN,84.3,CDSL 1280 PE,8.1,09:20,41.61,48.11,6.5,CUTOFF,15:05,6075.0,NO,41.61,48.11,CUTOFF,3088.0,41.61,48.11,CUTOFF,15:05,3088.0,6076.0,1.0,,,
2026-10-01,Thu,SIDELINED,,,,,,,,,,,,,,,,,,,,,,,0.0,Conviction 62.0% < threshold,0.0,0.0
